{
  "jobID":  "eea3b50a-1e2b-499b-838c-29557a10380a",
  "status":  "Succeeded",
  "results":  [
    {
      "contents":  [
        "小米刚刚制造了现存最棒的照相手机，因此它配备了一个单独的镜头，该镜头通过磁性连接到手机背面。但不仅如此，因为如果你仔细观察，你会看到两个微小的小针。它们连接到手机背面的这两个孔中以创建即时硬件连接，这意味着没有蓝牙，也没有配对。当你把这个镜头贴到手机上的那一刻，你就可以用这个镜头捕捉，就好像它被烤进了手机本身一样，结果绝对是疯狂的。因此，仅就上下文而言，这就是视频在 iPhone 16 Pro 垫子上的样子。这就是这家新的小米概念公司的样子。因为是的，整个视频也是在其中一个人身上拍摄的。"
      ],
      "status":  "Succeeded",
      "audioFileName":  "0001.wav",
      "properties":  {
        "sizeInBytes":  "2362844",
        "durationInMilliseconds":  "49225"
      }
    }
  ]
}